{
  "version": "5.0.1",
  "manifest_version": 2,
  "name": "One Dark Pro",
  "theme": {
    "colors": {
      "bookmark_text": [
        171,
        178,
        191
      ],
      "frame": [
        35,
        39,
        46
      ],
      "ntp_background": [
        35,
        39,
        46
      ],
      "ntp_text": [
        171,
        178,
        191
      ],
      "tab_background_text": [
        171,
        178,
        191
      ],
      "tab_background_text_inactive": [
        171,
        178,
        191
      ],
      "tab_background_text_incognito": [
        171,
        178,
        191
      ],
      "tab_background_text_incognito_inactive": [
        171,
        178,
        191
      ],
      "tab_text": [
        171,
        178,
        191
      ],
      "toolbar": [
        57,
        62,
        72
      ],
      "omnibox_text": [
        171,
        178,
        191
      ],
      "omnibox_background": [
        35,
        39,
        46
      ]
    },
    "tints": {
      "buttons": [
        0.5753012048192773,
        0.5,
        0.5
      ],
      "frame_inactive": [
        -1,
        -1,
        -1
      ],
      "frame_incognito": [
        0.7943548387096775,
        1,
        0.55
      ],
      "frame_incognito_inactive": [
        0.7943548387096775,
        1,
        0.55
      ]
    }
  }
}